Workbook

Sheet Детализация расходов
A1: Расходы на жилье за 2016 г.
A2: Категория расходов | B2: Янв | C2: Фев | D2: Мар | E2: Апр | F2: Май | G2: Июн | H2: Июл | I2: Авг | J2: Сен | K2: Окт | L2: Ноя | M2: Дек | N2: Всего
A3: Аренда | B3: 11000 | C3: 11000 | D3: 11000 | E3: 11000 | F3: 11000 | G3: 11000 | H3: 11000 | I3: 11000 | J3: 11000 | K3: 11000 | L3: 11000 | M3: 11000 | N3: =SUM(B3:M3) -> 132000
A4: Страховка | B4: 380 | C4: 380 | D4: 380 | E4: 380 | F4: 380 | G4: 380 | H4: 380 | I4: 380 | J4: 380 | K4: 380 | L4: 380 | M4: 380 | N4: =SUM(B4:M4) -> 4560
A5: Меблировка | D5: 3500 | G5: 1000 | I5: 2000 | L5: 2250 | N5: =SUM(B5:M5) -> 8750
A6: Прочее | B6: 480 | C6: 370 | D6: 950 | E6: 0 | F6: 630 | G6: 590 | H6: 720 | I6: 610 | J6: 460 | K6: 0 | L6: 230 | M6: 840 | N6: =SUM(B6:M6) -> 5880
A7: Коммунальные услуги
A8: Электричество | B8: 160 | C8: 1700 | D8: 1720 | E8: 1470 | F8: 1520 | G8: 1730 | H8: 1980 | I8: 2020 | J8: 1520 | K8: 1400 | L8: 1480 | M8: 1630 | N8: =SUM(B8:M8) -> 18330
A9: Газ | B9: 1120 | C9: 1020 | D9: 980 | E9: 810 | F9: 720 | G9: 630 | H9: 650 | I9: 660 | J9: 740 | K9: 860 | L9: 920 | M9: 1110 | N9: =SUM(B9:M9) -> 10220
A10: Вода | B10: 330 | C10: 330 | D10: 330 | E10: 330 | F10: 330 | G10: 330 | H10: 330 | I10: 330 | J10: 330 | K10: 330 | L10: 330 | M10: 330 | N10: =SUM(B10:M10) -> 3960
A11: Вывоз мусора | B11: 480 | C11: 480 | D11: 480 | E11: 480 | F11: 480 | G11: 480 | H11: 480 | I11: 480 | J11: 480 | K11: 480 | L11: 480 | M11: 480 | N11: =SUM(B11:M11) -> 5760
A12: Телефон | B12: 330 | C12: 330 | D12: 330 | E12: 330 | F12: 330 | G12: 330 | H12: 330 | I12: 330 | J12: 330 | K12: 330 | L12: 330 | M12: 330 | N12: =SUM(B12:M12) -> 3960
A13: Интернет | B13: 570 | C13: 570 | D13: 570 | E13: 570 | F13: 570 | G13: 570 | H13: 570 | I13: 570 | J13: 570 | K13: 570 | L13: 570 | M13: 570 | N13: =SUM(B13:M13) -> 6840
A14: Кабельное ТВ | B14: 1280 | C14: 1290 | D14: 1290 | E14: 1290 | F14: 1300 | G14: 1300 | H14: 1300 | I14: 1310 | J14: 1310 | K14: 1310 | L14: 1310 | M14: 1320 | N14: =SUM(B14:M14) -> 15610
A15: Подытог за месяц | B15: =SUM(B3:B14) -> 16130 | C15: =SUM(C3:C14) -> 17470 | D15: =SUM(D3:D14) -> 21530 | E15: =SUM(E3:E14) -> 16660 | F15: =SUM(F3:F14) -> 17260 | G15: =SUM(G3:G14) -> 18340 | H15: =SUM(H3:H14) -> 17740 | I15: =SUM(I3:I14) -> 19690 | ... M15: =SUM(M3:M14) -> 17990
A16: Подытог за коммунальные услуги | B16: =SUM(B8:B14) -> 4270 | C16: =SUM(C8:C14) -> 5720 | D16: =SUM(D8:D14) -> 5700 | E16: =SUM(E8:E14) -> 5280 | F16: =SUM(F8:F14) -> 5250 | G16: =SUM(G8:G14) -> 5370 | H16: =SUM(H8:H14) -> 5640 | I16: =SUM(I8:I14) -> 5700 | ... M16: =SUM(M8:M14) -> 5770

Sheet Итоговая сводка
A1: Итоговая сводка по расходам за 2016 г.
A2: Категория | B2: Всего за год | C2: В среднем за месяц
A3: Аренда | B3: =('Детализация расходов'!N3) -> 132000 | C3: =SUM('Детализация расходов'!N3)/12 -> 11000
A4: Страховка | B4: =('Детализация расходов'!N4) -> 4560 | C4: =SUM('Детализация расходов'!N4)/12 -> 380
A5: Меблировка | B5: =('Детализация расходов'!N5) -> 8750 | C5: =SUM('Детализация расходов'!N5)/12 -> 729.16667
A6: Прочее | B6: =('Детализация расходов'!N6) -> 5880 | C6: =SUM('Детализация расходов'!N6)/12 -> 490
A7: Коммунальные услуги
A8: Электричество | B8: =('Детализация расходов'!N8) -> 18330 | C8: =SUM('Детализация расходов'!N8)/12 -> 1527.5
A9: Газ | B9: =('Детализация расходов'!N9) -> 10220 | C9: =SUM('Детализация расходов'!N9)/12 -> 851.66667
A10: Вода | B10: =('Детализация расходов'!N10) -> 3960 | C10: =SUM('Детализация расходов'!N10)/12 -> 330
A11: Вывоз мусора | B11: =('Детализация расходов'!N11) -> 5760 | C11: =SUM('Детализация расходов'!N11)/12 -> 480
A12: Телефон | B12: =('Детализация расходов'!N12) -> 3960 | C12: =SUM('Детализация расходов'!N12)/12 -> 330
A13: Интернет | B13: =('Детализация расходов'!N13) -> 6840 | C13: =SUM('Детализация расходов'!N13)/12 -> 570
A14: Кабельное ТВ | B14: =('Детализация расходов'!N14) -> 15610 | C14: =SUM('Детализация расходов'!N14)/12 -> 1300.8333
